,OP009336.1,OP009335.1,OP009333.1,OP009332.1,OP009331.1,KU836736.1,KU836735.1,KU836734.1,KU836733.1,OR333944.1,OR333943.1,OR333941.1,OR333938.1,OR333937.1,OR333936.1,OR333935.1,OR333934.1,OR333932.1,OR333931.1,OR333930.1,OP066373.1,OP009341.1,OP009340.1,OP009339.1,OP009338.1,OP009337.1
OP009336.1,,,,,,,,,,,,,,,,,,,,,,,,,,
OP009335.1,"0,0069051420",,,,,,,,,,,,,,,,,,,,,,,,,
OP009333.1,"0,0057528850","0,0034455010",,,,,,,,,,,,,,,,,,,,,,,,
OP009332.1,"0,0046001370","0,0069007523","0,0057492293",,,,,,,,,,,,,,,,,,,,,,,
OP009331.1,"0,0011474203","0,0057502539","0,0045990854","0,0034476886",,,,,,,,,,,,,,,,,,,,,,
KU836736.1,"3,7933330955","3,7228308798","3,7228308798","3,7307164899","3,7933330955",,,,,,,,,,,,,,,,,,,,,
KU836735.1,"3,9936457084","4,0518911445","4,0460309288","4,0460309288","3,9994479887","4,1777542639",,,,,,,,,,,,,,,,,,,,
KU836734.1,"3,6188185708","3,5749338882","3,5709017776","3,5749338882","3,6188185708","5,6735411196","3,8960427593",,,,,,,,,,,,,,,,,,,
KU836733.1,"5,7637614729","5,7763818809","5,7907305576","5,8061600257","5,7593208439","4,3623558146","4,0987086197","4,2855038548",,,,,,,,,,,,,,,,,,
OR333944.1,"4,5020799821","4,4526068693","4,4568868532","4,4547292585","4,5020799821","4,2938902131","2,9310604205","5,6464217863","4,5459905727",,,,,,,,,,,,,,,,,
OR333943.1,"6,2707563915","6,2373758710","6,2373758710","6,2378809041","6,2707563915","4,5897474588","3,9220118034","4,3092680784","5,8450411021","4,3602451973",,,,,,,,,,,,,,,,
OR333941.1,"6,2659686238","6,2319628768","6,2319628768","6,2324500468","6,2659686238","4,5342276095","3,7956847183","4,2397449943","5,8415865945","4,3399786301","0,0000000000",,,,,,,,,,,,,,,
OR333938.1,"4,3904614924","4,3474873301","4,3487890679","4,3502496506","4,3904614924","4,6764576480","4,3173133818","2,4517987898","3,4773090548","3,0764946100","3,3975813590","3,3801660691",,,,,,,,,,,,,,
OR333937.1,"4,3669927765","4,3234157694","4,3246073195","4,3258185200","4,3657379659","4,5180535419","4,2033076777","2,7158432848","3,5185062400","3,3263949068","3,4826091321","3,2968105171","0,1446113631",,,,,,,,,,,,,
OR333936.1,"4,2617885204","4,2150153084","4,2155353796","4,2160649290","4,2594719737","4,5779919523","4,2245658778","2,7277036544","3,4535192274","3,3234365019","3,5098341920","3,3601709492","0,1417976305","0,0072783886",,,,,,,,,,,,
OR333935.1,"4,3768502232","4,3312243485","4,3325547365","4,3339079424","4,3756512355","4,4443342337","4,1126043768","2,7408358835","3,5058792395","3,2713132507","3,4873836475","3,3661676572","0,1452659623","0,0073627805","0,0024487330",,,,,,,,,,,
OR333934.1,"3,9917495755","3,9406007371","3,9390290492","3,9374270485","3,9865068050","4,7991260848","4,0419022768","2,7003582365","3,2205345123","3,3442953675","3,4198941998","3,2976706632","0,1380311814","0,0397229072","0,0346583668","0,0274767197",,,,,,,,,,
OR333932.1,"4,1911651523","4,1495941381","4,1464154040","4,1527435192","4,1911651523","5,6724907055","3,7943452416","3,7160494560","2,6582891341","4,6082697853","6,0657550155","6,1596995634","1,7860181042","3,5890042363","3,6484239367","3,6734489796","3,0358107247",,,,,,,,,
OR333931.1,"4,3022918254","4,2570766414","4,2578613136","4,2586596660","4,3004088078","4,5372376971","4,1839937821","2,7133694507","3,4843499745","3,3750173157","3,4314192158","3,2978175545","0,1462305816","0,0036322126","0,0072647035","0,0061284081","0,0396736444","3,6119658735",,,,,,,,
OR333930.1,"4,0665029034","4,0255273301","4,0204163015","4,0297524319","4,0665029034","5,6182689600","3,8140667541","3,7383206882","2,7235983163","4,5874755051","6,0412495139","6,1356303934","1,7984831620","3,6119658735","3,6720072475","3,6973265066","2,9696656781","0,0000000000","3,6349690366",,,,,,,
OP066373.1,"3,8715049726","3,9062379302","3,9077679302","3,9024595191","3,8658959418","3,0753567232","3,7260543149","3,6736680983","3,3768314417","5,6067468415","3,4624835823","3,2816712225","4,0126106241","3,8671877998","3,9772974742","3,8690463534","3,7769241021","4,2306413046","3,9394769684","4,2488439958",,,,,,
OP009341.1,"0,0069067227","0,0045961653","0,0034462879","0,0069023311","0,0057515691","3,7307164899","4,0511446558","3,5709017776","5,7958228037","4,4568868532","6,2373758710","6,2319628768","4,3530903772","4,3241511610","4,2132155395","4,3322523153","3,9314150241","4,1528179291","4,2563007896","4,0290291688","3,9024595191",,,,,
OP009340.1,"0,0080634990","0,0057492293","0,0045982663","0,0080583675","0,0069067227","3,7228308798","4,0468363466","3,5620994470","5,7862857106","4,4568868532","6,2373758710","6,2319628768","4,3502989252","4,3250606245","4,2177766828","4,3328592650","3,9463271794","4,1560215868","4,2593760682","4,0325105905","3,9077679302","0,0057505441",,,,
OP009339.1,"0,0022959200","0,0069035620","0,0057515691","0,0045990854","0,0011471587","3,7853336688","3,9982174552","3,6151171129","5,7593208439","4,4996564426","6,2763302588","6,2715642882","4,3888542143","4,3671881342","4,2602985201","4,3772694965","3,9853004618","4,1908481261","4,3014762742","4,0669842130","3,8640687720","0,0069051420","0,0080616521",,,
OP009338.1,"0,0103861784","0,0080634990","0,0046001370","0,0103795546","0,0092256669","3,8083178694","4,0970856845","3,5219642703","5,8319059935","4,4568868532","6,2378809041","6,2324500468","4,3920946107","4,2837692951","4,1737900808","4,2895464246","3,9917495755","4,1860544309","4,2167384618","4,0574399439","3,8752952332","0,0080653469","0,0092240173","0,0103837946",,
OP009337.1,"0,0092219023","0,0045982663","0,0057518595","0,0092160285","0,0080634990","3,7156209774","4,0561256959","3,5709017776","5,7727820188","4,4547292585","6,2373758710","6,2319628768","4,3488571445","4,3234157694","4,2150153084","4,3312243485","3,9406007371","4,1496485964","4,2570766414","4,0247663976","3,9230754022","0,0069054906","0,0080620592","0,0092197883","0,0103843195",
